{"last_tab":"76","bk-primary-color":"","html-font-size":{"font-size":"14px"},"bk_enable_darkmode":"1","bk_darkmode_sw":"1","bk_default_darkmode":"0","bk-block-heading-margin":{"units":"px","margin-bottom":""},"body-typography":{"font-family":"Rubik","font-options":"","google":"1","font-backup":"Arial, Helvetica, sans-serif","subsets":"","letter-spacing":""},"heading-typography":{"font-family":"Poppins","font-options":"","google":"1","font-backup":"Arial, Helvetica, sans-serif","subsets":"","text-transform":"","letter-spacing":""},"meta-typography":{"font-family":"Rubik","font-options":"","google":"1","font-backup":"Arial, Helvetica, sans-serif","subsets":"","letter-spacing":""},"tertiary-typography":{"font-family":"Rubik","font-options":"","google":"1","font-backup":"Arial, Helvetica, sans-serif","subsets":"","letter-spacing":""},"top-bar-menu-typography":{"font-family":"","font-options":"","google":"1","font-backup":"","font-size":""},"navigation-typography":{"font-family":"Rubik","font-options":"","google":"1","font-backup":"Arial, Helvetica, sans-serif","font-weight":"500","font-style":"","text-transform":"uppercase","font-size":"15px","letter-spacing":"","color":""},"sub-navigation-typography":{"font-family":"Rubik","font-options":"","google":"1","font-backup":"Arial, Helvetica, sans-serif","font-weight":"","font-style":"","text-transform":"none","font-size":"15px","letter-spacing":"","color":""},"offcanvas-navigation-typography":{"font-family":"Rubik","font-options":"","google":"1","font-backup":"Arial, Helvetica, sans-serif","font-weight":"700","font-style":"","text-transform":"uppercase","font-size":"","letter-spacing":"","color":""},"off-canvas-sub-navigation-typography":{"font-family":"Rubik","font-options":"","google":"1","font-backup":"Arial, Helvetica, sans-serif","font-weight":"","font-style":"","text-transform":"capitalize","font-size":"","letter-spacing":"","color":""},"footer-navigation-typography":{"font-family":"Rubik","font-options":"","google":"1","font-backup":"Arial, Helvetica, sans-serif","font-weight":"","font-style":"","text-transform":"uppercase","font-size":"","letter-spacing":"","color":""},"bk-load-more-text":"Load more news","bk-no-more-text":"No more news","bk-default-module-heading":"heading-style-16","bk-default-heading-color":"#222","module-heading-font":{"font-family":"Poppins","font-options":"","google":"1","font-backup":"Arial, Helvetica, sans-serif","font-weight":"700","font-style":"","subsets":"","text-transform":"","font-size":"","letter-spacing":""},"single-section-heading-font":{"font-family":"Poppins","font-options":"","google":"1","font-backup":"Arial, Helvetica, sans-serif","font-weight":"600","font-style":"","subsets":"","text-transform":"","font-size":"","letter-spacing":""},"module-heading-style-1-font":{"font-weight":"","font-style":"","text-transform":"","font-size":"","letter-spacing":""},"module-sub-heading-style-1-font":{"font-weight":"","font-style":"","text-transform":"","font-size":"","letter-spacing":""},"single-section-heading-style-1-font":{"font-weight":"","font-style":"","text-transform":"","font-size":"","letter-spacing":""},"module-heading-style-2-font":{"font-weight":"","font-style":"","text-transform":"","font-size":"","letter-spacing":""},"module-sub-heading-style-2-font":{"font-weight":"","font-style":"","text-transform":"","font-size":"","letter-spacing":""},"single-section-heading-style-2-font":{"font-weight":"","font-style":"","text-transform":"","font-size":"","letter-spacing":""},"module-heading-style-2-center-font":{"font-weight":"","font-style":"","text-transform":"","font-size":"","letter-spacing":""},"module-sub-heading-style-2-center-font":{"font-weight":"","font-style":"","text-transform":"","font-size":"","letter-spacing":""},"single-section-heading-style-2-center-font":{"font-weight":"","font-style":"","text-transform":"","font-size":"","letter-spacing":""},"module-heading-style-3-font":{"font-weight":"","font-style":"","text-transform":"","font-size":"","letter-spacing":""},"module-sub-heading-style-3-font":{"font-weight":"","font-style":"","text-transform":"","font-size":"","letter-spacing":""},"single-section-heading-style-3-font":{"font-weight":"","font-style":"","text-transform":"","font-size":"","letter-spacing":""},"module-heading-style-3-center-font":{"font-weight":"","font-style":"","text-transform":"","font-size":"","letter-spacing":""},"module-sub-heading-style-3-center-font":{"font-weight":"","font-style":"","text-transform":"","font-size":"","letter-spacing":""},"single-section-heading-style-3-center-font":{"font-weight":"","font-style":"","text-transform":"","font-size":"","letter-spacing":""},"module-heading-style-4-font":{"font-weight":"","font-style":"","text-transform":"","font-size":"","letter-spacing":""},"module-sub-heading-style-4-font":{"font-weight":"","font-style":"","text-transform":"","font-size":"","letter-spacing":""},"single-section-heading-style-4-font":{"font-weight":"","font-style":"","text-transform":"","font-size":"","letter-spacing":""},"module-heading-style-5-center-font":{"font-weight":"","font-style":"","text-transform":"","font-size":"","letter-spacing":""},"module-sub-heading-style-5-center-font":{"font-weight":"","font-style":"","text-transform":"","font-size":"","letter-spacing":""},"single-section-heading-style-5-center-font":{"font-weight":"","font-style":"","text-transform":"","font-size":"","letter-spacing":""},"module-heading-style-6-font":{"font-weight":"","font-style":"","text-transform":"","font-size":"","letter-spacing":""},"module-sub-heading-style-6-font":{"font-weight":"","font-style":"","text-transform":"","font-size":"","letter-spacing":""},"single-section-heading-style-6-font":{"font-weight":"","font-style":"","text-transform":"","font-size":"","letter-spacing":""},"module-heading-style-7-font":{"font-weight":"","font-style":"","text-transform":"","font-size":"","letter-spacing":""},"module-sub-heading-style-7-font":{"font-weight":"","font-style":"","text-transform":"","font-size":"","letter-spacing":""},"single-section-heading-style-7-font":{"font-weight":"","font-style":"","text-transform":"","font-size":"","letter-spacing":""},"module-heading-style-8-font":{"font-weight":"","font-style":"","text-transform":"","font-size":"","letter-spacing":""},"module-sub-heading-style-8-font":{"font-weight":"","font-style":"","text-transform":"","font-size":"","letter-spacing":""},"single-section-heading-style-8-font":{"font-weight":"","font-style":"","text-transform":"","font-size":"","letter-spacing":""},"module-heading-style-9-font":{"font-weight":"","font-style":"","text-transform":"","font-size":"","letter-spacing":""},"module-sub-heading-style-9-font":{"font-weight":"","font-style":"","text-transform":"","font-size":"","letter-spacing":""},"single-section-heading-style-9-font":{"font-weight":"","font-style":"","text-transform":"","font-size":"","letter-spacing":""},"module-heading-style-10-font":{"font-weight":"","font-style":"","text-transform":"","font-size":"","letter-spacing":""},"module-sub-heading-style-10-font":{"font-weight":"","font-style":"","text-transform":"","font-size":"","letter-spacing":""},"single-section-heading-style-10-font":{"font-weight":"","font-style":"","text-transform":"","font-size":"","letter-spacing":""},"module-heading-style-11-center-font":{"font-weight":"","font-style":"","text-transform":"","font-size":"","letter-spacing":""},"module-sub-heading-style-11-center-font":{"font-weight":"","font-style":"","text-transform":"","font-size":"","letter-spacing":""},"single-section-heading-style-11-center-font":{"font-weight":"","font-style":"","text-transform":"","font-size":"","letter-spacing":""},"module-heading-style-12-font":{"font-weight":"","font-style":"","text-transform":"","font-size":"","letter-spacing":""},"module-sub-heading-style-12-font":{"font-weight":"","font-style":"","text-transform":"","font-size":"","letter-spacing":""},"single-section-heading-style-12-font":{"font-weight":"","font-style":"","text-transform":"","font-size":"","letter-spacing":""},"module-heading-style-13-font":{"font-weight":"","font-style":"","text-transform":"","font-size":"","letter-spacing":""},"module-sub-heading-style-13-font":{"font-weight":"","font-style":"","text-transform":"","font-size":"","letter-spacing":""},"single-section-heading-style-13-font":{"font-weight":"","font-style":"","text-transform":"","font-size":"","letter-spacing":""},"module-heading-style-14-font":{"font-weight":"","font-style":"","text-transform":"","font-size":"","letter-spacing":""},"module-sub-heading-style-14-font":{"font-weight":"","font-style":"","text-transform":"","font-size":"","letter-spacing":""},"single-section-heading-style-14-font":{"font-weight":"","font-style":"","text-transform":"","font-size":"","letter-spacing":""},"module-heading-style-15-font":{"font-weight":"","font-style":"","text-transform":"","font-size":"","letter-spacing":""},"module-sub-heading-style-15-font":{"font-weight":"","font-style":"","text-transform":"","font-size":"","letter-spacing":""},"single-section-heading-style-15-font":{"font-weight":"","font-style":"","text-transform":"","font-size":"","letter-spacing":""},"module-heading-style-16-font":{"font-weight":"","font-style":"","text-transform":"","font-size":"","letter-spacing":""},"module-sub-heading-style-16-font":{"font-weight":"","font-style":"","text-transform":"","font-size":"","letter-spacing":""},"single-section-heading-style-16-font":{"font-weight":"","font-style":"","text-transform":"","font-size":"","letter-spacing":""},"module-heading-style-17-font":{"font-weight":"","font-style":"","text-transform":"","font-size":"","letter-spacing":""},"module-sub-heading-style-17-font":{"font-weight":"","font-style":"","text-transform":"","font-size":"","letter-spacing":""},"single-section-heading-style-17-font":{"font-weight":"","font-style":"","text-transform":"","font-size":"","letter-spacing":""},"module-heading-style-18-font":{"font-weight":"","font-style":"","text-transform":"","font-size":"","letter-spacing":""},"module-sub-heading-style-18-font":{"font-weight":"","font-style":"","text-transform":"","font-size":"","letter-spacing":""},"single-section-heading-style-18-font":{"font-weight":"","font-style":"","text-transform":"","font-size":"","letter-spacing":""},"module-sub-heading-font":{"font-family":"Poppins","font-options":"","google":"1","font-backup":"Arial, Helvetica, sans-serif","font-weight":"","font-style":"","subsets":"","text-transform":"","font-size":"","letter-spacing":"","color":""},"bk-default-widget-heading":"line","module-widget-heading-font":{"font-family":"Poppins","font-options":"","google":"1","font-backup":"Arial, Helvetica, sans-serif","font-weight":"600","font-style":"","subsets":"","text-transform":"","font-size":"","letter-spacing":"","color":""},"bk-header-type":"site-header-10","bk-header-bg-style":"default","bk-header-bg-image":{"background-image":"","media":{"id":"","height":"","width":"","thumbnail":""}},"bk-header-bg-gradient":{"from":"#1E73BE","to":"#00897E"},"bk-header-bg-gradient-direction":"","bk-header-bg-color":{"background-color":"#fff"},"bk-header-spacing":{"units":"px","padding-top":"40px","padding-bottom":"40px"},"bk-main-menu-bg-color":{"background-color":"#fff"},"bk-header-inverse":"0","bk-header-element-inverse":"0","bk-top-bar-header":"1","bk-top-bar-header-inverse":"1","bk-top-bar-bg-color":{"background-color":""},"bk-logo":{"url":"https:\/\/keylin.bk-ninja.com\/default\/wp-content\/uploads\/2021\/02\/keylin_logo.png","id":"889","height":"83","width":"262","thumbnail":"https:\/\/keylin.bk-ninja.com\/default\/wp-content\/uploads\/2021\/02\/keylin_logo-150x83.png"},"bk-logo-dark-mode":{"url":"https:\/\/keylin.bk-ninja.com\/default\/wp-content\/uploads\/2021\/02\/keylin_footer_logo.png","id":"890","height":"83","width":"261","thumbnail":"https:\/\/keylin.bk-ninja.com\/default\/wp-content\/uploads\/2021\/02\/keylin_footer_logo-150x83.png"},"bk-site-logo-size-option":"original","site-logo-width":"300","bk-mobile-logo":{"url":"https:\/\/keylin.bk-ninja.com\/default\/wp-content\/uploads\/2021\/02\/keylin_logo.png","id":"889","height":"83","width":"262","thumbnail":"https:\/\/keylin.bk-ninja.com\/default\/wp-content\/uploads\/2021\/02\/keylin_logo-150x83.png"},"bk-mobile-logo-dark-mode":{"url":"https:\/\/keylin.bk-ninja.com\/default\/wp-content\/uploads\/2021\/02\/keylin_footer_logo.png","id":"890","height":"83","width":"261","thumbnail":"https:\/\/keylin.bk-ninja.com\/default\/wp-content\/uploads\/2021\/02\/keylin_footer_logo-150x83.png"},"bk-mobile-menu-bg-style":"default","bk-mobile-menu-bg-gradient":{"from":"#1E73BE","to":"#00897E"},"bk-mobile-menu-bg-gradient-direction":"","bk-mobile-menu-bg-color":{"background-color":"#fff"},"bk-mobile-menu-inverse":"0","bk-sticky-menu-switch":"1","bk-sticky-header-logo":{"url":"https:\/\/keylin.bk-ninja.com\/default\/wp-content\/uploads\/2021\/02\/keylin_logo.png","id":"889","height":"83","width":"262","thumbnail":"https:\/\/keylin.bk-ninja.com\/default\/wp-content\/uploads\/2021\/02\/keylin_logo-150x83.png"},"bk-sticky-header-logo-dark-mode":{"url":"https:\/\/keylin.bk-ninja.com\/default\/wp-content\/uploads\/2021\/02\/keylin_footer_logo.png","id":"890","height":"83","width":"261","thumbnail":"https:\/\/keylin.bk-ninja.com\/default\/wp-content\/uploads\/2021\/02\/keylin_footer_logo-150x83.png"},"bk-sticky-menu-bg-style":"default","bk-sticky-menu-bg-gradient":{"from":"#1E73BE","to":"#00897E"},"bk-sticky-menu-bg-gradient-direction":"","bk-sticky-menu-bg-color":{"background-color":"#fff"},"bk-sticky-menu-inverse":"0","bk-offcanvas-desktop-switch":"1","bk-offcanvas-desktop-menu":"offcanvas-menu","bk-offcanvas-desktop-logo":{"url":"https:\/\/keylin.bk-ninja.com\/default\/wp-content\/uploads\/2021\/02\/keylin_logo.png","id":"889","height":"83","width":"262","thumbnail":"https:\/\/keylin.bk-ninja.com\/default\/wp-content\/uploads\/2021\/02\/keylin_logo-150x83.png"},"bk-offcanvas-desktop-logo-dark-mode":{"url":"https:\/\/keylin.bk-ninja.com\/default\/wp-content\/uploads\/2021\/02\/keylin_footer_logo.png","id":"890","height":"83","width":"261","thumbnail":"https:\/\/keylin.bk-ninja.com\/default\/wp-content\/uploads\/2021\/02\/keylin_footer_logo-150x83.png"},"bk-offcanvas-desktop-social":["fb","twitter","youtube"],"bk-offcanvas-mobile-menu":"main-menu","bk-offcanvas-mobile-logo":{"url":"https:\/\/keylin.bk-ninja.com\/default\/wp-content\/uploads\/2021\/02\/keylin_logo.png","id":"889","height":"83","width":"262","thumbnail":"https:\/\/keylin.bk-ninja.com\/default\/wp-content\/uploads\/2021\/02\/keylin_logo-150x83.png"},"bk-offcanvas-mobile-logo-dark-mode":{"url":"https:\/\/keylin.bk-ninja.com\/default\/wp-content\/uploads\/2021\/02\/keylin_footer_logo.png","id":"890","height":"83","width":"261","thumbnail":"https:\/\/keylin.bk-ninja.com\/default\/wp-content\/uploads\/2021\/02\/keylin_footer_logo-150x83.png"},"bk-offcanvas-mobile-social":["fb","twitter","youtube"],"bk-offcanvas-mobile-subscribe-switch":"0","bk-offcanvas-mobile-mailchimp-shortcode":"","bk-social-header":["fb","twitter","linkedin","youtube"],"bk-header-ads":"0","bk-ads-html":"","bk-header-subscribe-switch":"0","bk-mailchimp-title":"","bk-mailchimp-shortcode":"","bk-single-header-switch":"0","bk-single-header-type":"site-header-1","bk-single-header-spacing":{"units":"px","padding-top":"40px","padding-bottom":"40px"},"bk-category-header-switch":"0","bk-category-header-type":"site-header-1","bk-category-header-spacing":{"units":"px","padding-top":"40px","padding-bottom":"40px"},"bk-archive-header-switch":"0","bk-archive-header-type":"site-header-1","bk-archive-header-spacing":{"units":"px","padding-top":"40px","padding-bottom":"40px"},"bk-author-header-switch":"0","bk-author-header-type":"site-header-1","bk-author-header-spacing":{"units":"px","padding-top":"40px","padding-bottom":"40px"},"bk-search-header-switch":"0","bk-search-header-type":"site-header-1","bk-search-header-spacing":{"units":"px","padding-top":"40px","padding-bottom":"40px"},"bk-social-media-links":{"fb":"https:\/\/www.facebook.com\/envato","twitter":"https:\/\/www.twitter.com\/envato","linkedin":"","pinterest":"","instagram":"","dribbble":"","youtube":"https:\/\/www.youtube.com\/user\/envato","vimeo":"","vk":"","vine":"","snapchat":"","telegram":"","rss":""},"bk-post-view--cache-time":"300","bk-single-template":"single-1","bk-single-header--bg-color":"","bk-single-header--inverse":"1","bk-feat-img-status":"1","single-sections-infinity-scrolling":"1","bk-scroll-percent-sw":"1","bk-scroll-percentage-progress":"style_2","single-sections-sorter":{"enabled":{"placebo":"placebo","related":"Related Section","comment":"Comment Section","same-cat":"Same Category Section"}},"bk_post_sb_select":"home_sidebar","bk_post_sb_position":"right","bk_post_sb_sticky":"1","bk-reaction-sw":"0","bk-reaction-heading":"What is your reaction?","bk-reaction-item-1-sw":"1","bk-reaction-item-1-svg":"","bk-reaction-item-1-text":"Excited","bk-reaction-item-2-sw":"1","bk-reaction-item-2-svg":"","bk-reaction-item-2-text":"Happy","bk-reaction-item-3-sw":"1","bk-reaction-item-3-svg":"","bk-reaction-item-3-text":"In Love","bk-reaction-item-4-sw":"1","bk-reaction-item-4-svg":"","bk-reaction-item-4-text":"Not Sure","bk-reaction-item-5-sw":"1","bk-reaction-item-5-svg":"","bk-reaction-item-5-text":"Silly","bk-sharebox-sw":"1","bk-fb-sw":"1","bk-tw-sw":"1","bk-pi-sw":"1","bk-li-sw":"1","bk-authorbox-sw":"1","bk-postnav-sw":"1","bk_comments_heading_style":"heading-style-16","bk-related-sw":"1","bk_related_post_layout":"listing_grid_1_has_sidebar","bk_related_heading_style":"heading-style-16","bk_related_source":"category_tag","bk_number_related":"4","bk_related_post_icon":"disable","bk-same-cat-sw":"1","bk_same_cat_post_layout":"listing_grid_1_has_sidebar","bk_same_cat_heading_style":"heading-style-16","bk_same_cat_number_posts":"4","bk_same_cat_post_icon":"disable","bk_same_cat_more_link":"0","bk-related-sw-wide":"1","bk_related_post_layout_wide":"listing_grid_1","bk_related_heading_style_wide":"heading-style-16","bk_related_source_wide":"category_tag","bk_number_related_wide":"4","bk_related_post_icon_wide":"disable","bk-same-cat-sw-wide":"1","bk_same_cat_post_layout_wide":"listing_grid_2","bk_same_cat_heading_style_wide":"heading-style-16","bk_same_cat_number_posts_wide":"4","bk_same_cat_post_icon_wide":"disable","bk_same_cat_container_width":"normal","bk_same_cat_more_link_wide":"1","bk_category_header_style":"heading-style-16","bk_category_page_heading_typography":{"font-family":"Poppins","font-options":"","google":"1","font-backup":"Arial, Helvetica, sans-serif","font-weight":"700","font-style":"","text-transform":"","font-size":"48px","letter-spacing":""},"bk_category_page_sub_heading_typography":{"font-family":"Rubik","font-options":"","google":"1","font-backup":"Arial, Helvetica, sans-serif","font-weight":"300","font-style":"","text-transform":"","font-size":"18px","letter-spacing":"","color":""},"bk_category_page_heading_color":{"color":""},"bk_category_page_heading_background_color":{"color":"","alpha":"1","rgba":""},"bk_category_feature_area":"disable","bk_category_feature_area__post_option":"latest","bk_container_width":"normal","bk_feature_area__show_hide":"0","bk_category_content_layout":"block_posts_listing_grid_1_has_sidebar","bk_category_post_icon":"enable","bk_category_pagination":"default","bk_category_exclude_posts":"1","bk_category_sidebar_select":"home_sidebar","bk_category_sidebar_position":"right","bk_category_sidebar_sticky":"1","bk_archive_header_style":"heading-style-16","bk_archive_page_heading_typography":{"font-family":"Poppins","font-options":"","google":"1","font-backup":"Arial, Helvetica, sans-serif","font-weight":"700","font-style":"","text-transform":"","font-size":"48px","letter-spacing":""},"bk_archive_page_heading_color":{"color":""},"bk_archive_page_heading_background_color":{"color":"","alpha":"1","rgba":""},"bk_archive_content_layout":"block_posts_listing_grid_1_has_sidebar","bk_archive_post_icon":"enable","bk_archive_pagination":"default","bk_archive_sidebar_select":"home_sidebar","bk_archive_sidebar_position":"right","bk_archive_sidebar_sticky":"1","bk_author_content_layout":"block_posts_listing_grid_1_has_sidebar","bk_author_pagination":"default","bk_author_sidebar_select":"home_sidebar","bk_author_sidebar_position":"right","bk_author_sidebar_sticky":"1","bk_search_header_style":"heading-style-16","bk_search_page_heading_typography":{"font-family":"Poppins","font-options":"","google":"1","font-backup":"Arial, Helvetica, sans-serif","font-weight":"700","font-style":"","text-transform":"","font-size":"48px","letter-spacing":""},"bk_search_page_sub_heading_typography":{"font-family":"Rubik","font-options":"","google":"1","font-backup":"Arial, Helvetica, sans-serif","font-weight":"300","font-style":"","text-transform":"","font-size":"18px","letter-spacing":"","color":""},"bk_search_page_heading_color":{"color":""},"bk_search_page_heading_background_color":{"color":"","alpha":"1","rgba":""},"bk_search_content_layout":"block_posts_listing_list_2_has_sidebar","bk_search_post_icon":"enable","bk_search_exclude_page_result":"disable","bk_search_pagination":"default","bk_search_sidebar_select":"home_sidebar","bk_search_sidebar_position":"right","bk_search_sidebar_sticky":"1","bk_blog_header_style":"heading-style-16","bk_blog_heading_typography":{"font-family":"Poppins","font-options":"","google":"1","font-backup":"Arial, Helvetica, sans-serif","font-weight":"700","font-style":"","text-transform":"","font-size":"48px","letter-spacing":""},"bk_blog_page_heading_color":{"color":""},"bk_blog_page_heading_background_color":{"color":"","alpha":"1","rgba":""},"bk_blog_content_layout":"block_posts_listing_grid_1_has_sidebar","bk_blog_post_icon":"enable","bk_blog_pagination":"default","bk_blog_sidebar_select":"home_sidebar","bk_blog_sidebar_position":"right","bk_blog_sidebar_sticky":"1","404-logo-toggle":"0","404-logo":{"url":"https:\/\/keylin.bk-ninja.com\/default\/wp-content\/uploads\/2020\/09\/logo-2.jpg","id":"537","height":"41","width":"129","thumbnail":"https:\/\/keylin.bk-ninja.com\/default\/wp-content\/uploads\/2020\/09\/logo-2.jpg"},"404-logo-width":"130","404-image":{"url":"","id":"","height":"","width":"","thumbnail":""},"404-subtitle":"Something went wrong!","404-description":"We couldn't find the page you're looking for. Try searching or go back to the <a href=\"https:\/\/keylin.bk-ninja.com\/default\/\">Homepage<\/a>.","404-search":"1","bk_page_header_style":"heading-style-16","bk_page_feat_img":"1","bk_page_layout":"has_sidebar","bk_page_sidebar_select":"home_sidebar","bk_page_sidebar_position":"right","bk_page_sidebar_sticky":"1","bk_pagebuilder_sidebar_sticky":"1","bk-footer-template":"footer-8","footer-col-scale":"1","footer-col-1":"","footer-col-2":"","footer-col-3":"","bk-footer--mailchimp-bg":{"background-color":"","background-repeat":"","background-size":"","background-attachment":"","background-position":"","background-image":"","media":{"id":"","height":"","width":"","thumbnail":""}},"footer-mailchimp--shortcode":"","bk-footer-bg-style":"color","bk-footer-bg-gradient":{"from":"#1E73BE","to":"#00897E"},"bk-footer-bg-gradient-direction":"","bk-footer-bg-color":{"background-color":"#333"},"bk-footer-inverse":"1","bk-footer-logo":{"url":"https:\/\/keylin.bk-ninja.com\/default\/wp-content\/uploads\/2021\/02\/keylin_footer_logo.png","id":"890","height":"83","width":"261","thumbnail":"https:\/\/keylin.bk-ninja.com\/default\/wp-content\/uploads\/2021\/02\/keylin_footer_logo-150x83.png"},"bk-footer-logo-dark-mode":{"url":"","id":"","height":"","width":"","thumbnail":""},"footer-logo-width":"200","footer-social":["fb","twitter","youtube"],"footer-copyright-text":"Keylin \u00a9 2021. Made with \u2615 by <a rel=\"nofollow\" href=\"https:\/\/themeforest.net\/user\/designuptodate\/portfolio\">DesignUTD<\/a>","redux-backup":1}